A0001,Dummy 01
A0001,Dummy 02
A0001,Dummy 03
A0001,Dummy 04
A0001,Dummy 05
A0001,Dummy 06
A0001,Dummy 07
A0001,Dummy 08
A0001,Dummy 09
A0001,Dummy 10
A0001,Dummy 11
A0001,Dummy 12
A0001,Dummy 13
A0001,Dummy 14
A0001,Dummy 15
A0001,Dummy 16
A0001,Dummy 17
A0001,Dummy 18
A0001,Dummy 19
A0001,Dummy 20
A0001,Dummy 21
A0001,Dummy 22
A0001,Dummy 23
A0001,Dummy 24
A0001,Dummy 25
A0001,Dummy 26
A0001,Dummy 27
A0001,Dummy 28
A0001,Dummy 29
A0001,Dummy 30
A0002,A2 dummy 001
A0002,A2 dummy 002
A0002,A2 dummy 003
A0002,A2 dummy 004
A0002,A2 dummy 005
A0002,A2 dummy 006
A0002,A2 dummy 007
A0002,A2 dummy 008
A0002,A2 dummy 009
A0002,A2 dummy 010
A0002,A2 dummy 011
A0002,A2 dummy 012
A0002,A2 dummy 013
A0002,A2 dummy 014
A0002,A2 dummy 015
A0002,A2 dummy 016
A0002,A2 dummy 017
A0002,A2 dummy 018
A0002,A2 dummy 019
A0002,A2 dummy 020
A0002,A2 dummy 021
A0002,A2 dummy 022
A0002,A2 dummy 023
A0002,A2 dummy 024
A0002,A2 dummy 025
A0002,A2 dummy 026
A0002,A2 dummy 027
A0002,A2 dummy 028
A0002,A2 dummy 029
A0002,A2 dummy 030
A0002,A2 dummy 031
A0002,A2 dummy 032
A0002,A2 dummy 033
A0002,A2 dummy 034
A0002,A2 dummy 035
A0002,A2 dummy 036
